{
    "accuracy": 0.68,
    "f1_score": 0.5158850226928896,
    "roc_auc": 0.7241112903591793
}